,id,seq_len,gravy,tiny,small,aliphatic,aromatic,non_polar,polar,charged,basic,acidic,helix,turn,sheet
0,CGGGF,5,0.82,0.8,1.0,0.0,0.2,1.0,0.0,0.0,0.0,0.0,0.2,0.6,0.0
1,PKPK,4,-2.75,0.0,0.5,0.0,0.0,0.5,0.5,0.5,0.5,0.0,0.0,0.5,0.0
2,KDMK,4,-2.35,0.0,0.25,0.0,0.0,0.25,0.75,0.75,0.5,0.25,0.0,0.0,0.25
3,RCP,3,-1.2,0.3333333333333333,0.6666666666666666,0.0,0.0,0.6666666666666666,0.3333333333333333,0.3333333333333333,0.3333333333333333,0.0,0.0,0.3333333333333333,0.0
4,PKYK,4,-2.675,0.0,0.5,0.0,0.25,0.5,0.5,0.5,0.5,0.0,0.25,0.25,0.0
5,CGGG,4,0.32500000000000007,1.0,1.0,0.0,0.0,1.0,0.0,0.0,0.0,0.0,0.0,0.75,0.0
6,CCCGF,5,1.9799999999999998,0.8,1.0,0.0,0.2,1.0,0.0,0.0,0.0,0.0,0.2,0.2,0.0
7,VHAA,4,1.15,0.5,0.75,0.75,0.25,0.75,0.25,0.25,0.25,0.0,0.25,0.0,0.5
8,TPDS,4,-1.65,0.5,0.25,0.0,0.0,0.25,0.75,0.25,0.0,0.25,0.0,0.5,0.0
9,AAIE,4,1.15,0.5,0.75,0.75,0.0,0.75,0.25,0.25,0.0,0.25,0.25,0.0,0.75
10,RNLL,4,-0.10000000000000009,0.0,0.5,0.5,0.0,0.5,0.5,0.25,0.25,0.0,0.5,0.25,0.5
11,ILAN,4,1.6500000000000004,0.25,0.75,0.75,0.0,0.75,0.25,0.0,0.0,0.0,0.5,0.25,0.5
12,ACGE,4,0.09999999999999998,0.75,0.75,0.25,0.0,0.75,0.25,0.25,0.0,0.25,0.0,0.25,0.5
13,ATEN,4,-1.475,0.5,0.25,0.25,0.0,0.25,0.75,0.25,0.0,0.25,0.0,0.25,0.5
14,CGKAG,5,-0.07999999999999996,0.8,0.8,0.2,0.0,0.8,0.2,0.2,0.2,0.0,0.0,0.4,0.2
15,FSVF,4,2.25,0.25,0.75,0.25,0.5,0.75,0.25,0.0,0.0,0.0,0.75,0.25,0.0
16,KEDKK,5,-3.7399999999999998,0.0,0.0,0.0,0.0,0.0,1.0,1.0,0.6,0.4,0.0,0.0,0.2
17,MGVE,4,0.55,0.25,0.75,0.25,0.0,0.75,0.25,0.25,0.0,0.25,0.25,0.25,0.5
18,RVC,3,0.7333333333333334,0.3333333333333333,0.6666666666666666,0.3333333333333333,0.0,0.6666666666666666,0.3333333333333333,0.3333333333333333,0.3333333333333333,0.0,0.3333333333333333,0.0,0.0
19,DENL,4,-1.675,0.0,0.25,0.25,0.0,0.25,0.75,0.5,0.0,0.5,0.25,0.25,0.5
20,CGDGF,5,0.2,0.6000000000000001,0.8,0.0,0.2,0.8,0.2,0.2,0.0,0.2,0.2,0.4,0.0
21,NLVG,4,1.025,0.25,0.75,0.5,0.0,0.75,0.25,0.0,0.0,0.0,0.5,0.5,0.25
22,AKGS,4,-0.825,0.75,0.5,0.25,0.0,0.5,0.5,0.25,0.25,0.0,0.0,0.5,0.25
23,DAP,3,-1.0999999999999999,0.3333333333333333,0.6666666666666666,0.3333333333333333,0.0,0.6666666666666666,0.3333333333333333,0.3333333333333333,0.0,0.3333333333333333,0.0,0.3333333333333333,0.3333333333333333
24,PKPF,4,-1.075,0.0,0.75,0.0,0.25,0.75,0.25,0.25,0.25,0.0,0.25,0.5,0.0
25,PPPK,4,-2.1750000000000003,0.0,0.75,0.0,0.0,0.75,0.25,0.25,0.25,0.0,0.0,0.75,0.0
26,KEEKG,5,-3.04,0.2,0.2,0.0,0.0,0.2,0.8,0.8,0.4,0.4,0.0,0.2,0.4
27,KEEEK,5,-3.66,0.0,0.0,0.0,0.0,0.0,1.0,1.0,0.4,0.6,0.0,0.0,0.6
28,AYKN,4,-1.725,0.25,0.5,0.25,0.25,0.5,0.5,0.25,0.25,0.0,0.25,0.25,0.25
29,NPD,3,-2.8666666666666667,0.0,0.3333333333333333,0.0,0.0,0.3333333333333333,0.6666666666666666,0.3333333333333333,0.0,0.3333333333333333,0.0,0.6666666666666666,0.0
30,NEPL,4,-1.2,0.0,0.5,0.25,0.0,0.5,0.5,0.25,0.0,0.25,0.25,0.5,0.5
31,TAC,3,1.2,1.0,0.6666666666666666,0.3333333333333333,0.0,0.6666666666666666,0.3333333333333333,0.0,0.0,0.0,0.0,0.0,0.3333333333333333
32,PYPGQ,5,-1.6800000000000002,0.2,0.8,0.0,0.2,0.8,0.2,0.0,0.0,0.0,0.2,0.6000000000000001,0.0
33,CCSGY,5,0.5,0.8,0.8,0.0,0.2,0.8,0.2,0.0,0.0,0.0,0.2,0.4,0.0
34,CK,2,-0.7,0.5,0.5,0.0,0.0,0.5,0.5,0.5,0.5,0.0,0.0,0.0,0.0
35,WKPK,4,-2.575,0.0,0.5,0.0,0.25,0.5,0.5,0.5,0.5,0.0,0.25,0.25,0.0
36,DEKT,4,-2.9,0.25,0.0,0.0,0.0,0.0,1.0,0.75,0.25,0.5,0.0,0.0,0.25
37,CGGGY,5,4.4408920985006264e-17,0.8,1.0,0.0,0.2,1.0,0.0,0.0,0.0,0.0,0.2,0.6,0.0
38,EEER,4,-3.75,0.0,0.0,0.0,0.0,0.0,1.0,1.0,0.25,0.75,0.0,0.0,0.75
39,PSPK,4,-1.975,0.25,0.5,0.0,0.0,0.5,0.5,0.25,0.25,0.0,0.0,0.75,0.0
40,FSLEL,5,1.22,0.2,0.6000000000000001,0.4,0.2,0.6000000000000001,0.4,0.2,0.0,0.2,0.6000000000000001,0.2,0.6000000000000001
41,TQLA,4,0.3499999999999999,0.5,0.5,0.5,0.0,0.5,0.5,0.0,0.0,0.0,0.25,0.0,0.5
42,CGCCG,5,1.3399999999999999,1.0,1.0,0.0,0.0,1.0,0.0,0.0,0.0,0.0,0.0,0.4,0.0
43,KDLE,4,-1.7750000000000001,0.0,0.25,0.25,0.0,0.25,0.75,0.75,0.25,0.5,0.25,0.0,0.5
44,RGIG,4,-0.2000000000000001,0.5,0.75,0.25,0.0,0.75,0.25,0.25,0.25,0.0,0.25,0.5,0.0
45,KEETK,5,-3.1,0.2,0.0,0.0,0.0,0.0,1.0,0.8,0.4,0.4,0.0,0.0,0.4
46,VKSY,4,-0.44999999999999996,0.25,0.5,0.25,0.25,0.5,0.5,0.25,0.25,0.0,0.5,0.25,0.0
47,CGGGA,5,0.6200000000000001,1.0,1.0,0.2,0.0,1.0,0.0,0.0,0.0,0.0,0.0,0.6,0.2
48,KEEIK,5,-2.06,0.0,0.2,0.2,0.0,0.2,0.8,0.8,0.4,0.4,0.2,0.0,0.4
49,KEERK,5,-3.8600000000000003,0.0,0.0,0.0,0.0,0.0,1.0,1.0,0.6000000000000001,0.4,0.0,0.0,0.4
50,EDKK,4,-3.7,0.0,0.0,0.0,0.0,0.0,1.0,1.0,0.5,0.5,0.0,0.0,0.25
51,KDKK,4,-3.8000000000000003,0.0,0.0,0.0,0.0,0.0,1.0,1.0,0.75,0.25,0.0,0.0,0.0
52,LSLFL,5,2.6799999999999997,0.2,0.8,0.6,0.2,0.8,0.2,0.0,0.0,0.0,0.8,0.2,0.6
53,KKETK,5,-3.18,0.2,0.0,0.0,0.0,0.0,1.0,0.8,0.6,0.2,0.0,0.0,0.2
54,EEEKK,5,-3.66,0.0,0.0,0.0,0.0,0.0,1.0,1.0,0.4,0.6,0.0,0.0,0.6
55,KQAQ,4,-2.2750000000000004,0.25,0.25,0.25,0.0,0.25,0.75,0.25,0.25,0.0,0.0,0.0,0.25
56,VTDS,4,-0.2,0.5,0.25,0.25,0.0,0.25,0.75,0.25,0.0,0.25,0.25,0.25,0.0
57,PKAK,4,-1.9,0.25,0.5,0.25,0.0,0.5,0.5,0.5,0.5,0.0,0.0,0.25,0.25
58,WNS,3,-1.7333333333333334,0.3333333333333333,0.3333333333333333,0.0,0.3333333333333333,0.3333333333333333,0.6666666666666666,0.0,0.0,0.0,0.3333333333333333,0.6666666666666666,0.0
59,QDVD,4,-1.575,0.0,0.25,0.25,0.0,0.25,0.75,0.5,0.0,0.5,0.25,0.0,0.0
60,CCCGG,5,1.3399999999999999,1.0,1.0,0.0,0.0,1.0,0.0,0.0,0.0,0.0,0.0,0.4,0.0
61,CQNGG,5,-1.06,0.6000000000000001,0.6000000000000001,0.0,0.0,0.6000000000000001,0.4,0.0,0.0,0.0,0.0,0.6000000000000001,0.0
62,ILFS,4,2.575,0.25,0.75,0.5,0.25,0.75,0.25,0.0,0.0,0.0,0.75,0.25,0.25
63,CNICG,5,1.1199999999999999,0.6000000000000001,0.8,0.2,0.0,0.8,0.2,0.0,0.0,0.0,0.2,0.4,0.0
64,NEAK,4,-2.275,0.25,0.25,0.25,0.0,0.25,0.75,0.5,0.25,0.25,0.0,0.25,0.5
65,PTHP,4,-1.775,0.25,0.5,0.0,0.25,0.5,0.5,0.25,0.25,0.0,0.0,0.5,0.0
66,DEEKK,5,-3.66,0.0,0.0,0.0,0.0,0.0,1.0,1.0,0.4,0.6000000000000001,0.0,0.0,0.4
67,PYQSG,5,-1.52,0.4,0.6000000000000001,0.0,0.2,0.6000000000000001,0.4,0.0,0.0,0.0,0.2,0.6000000000000001,0.0
68,FGGG,4,0.4,0.75,1.0,0.0,0.25,1.0,0.0,0.0,0.0,0.0,0.25,0.75,0.0
69,YPSG,4,-1.0250000000000001,0.5,0.75,0.0,0.25,0.75,0.25,0.0,0.0,0.0,0.25,0.75,0.0
70,QVAS,4,0.425,0.5,0.5,0.5,0.0,0.5,0.5,0.0,0.0,0.0,0.25,0.25,0.25
71,YVIL,4,2.8,0.0,1.0,0.75,0.25,1.0,0.0,0.0,0.0,0.0,1.0,0.0,0.25
72,CNGGG,5,-0.43999999999999995,0.8,0.8,0.0,0.0,0.8,0.2,0.0,0.0,0.0,0.0,0.8,0.0
73,GDKK,4,-2.925,0.25,0.25,0.0,0.0,0.25,0.75,0.75,0.5,0.25,0.0,0.25,0.0
74,FSLFL,5,2.4799999999999995,0.2,0.8,0.4,0.4,0.8,0.2,0.0,0.0,0.0,0.8,0.2,0.4
75,KKGKK,5,-3.2,0.2,0.2,0.0,0.0,0.2,0.8,0.8,0.8,0.0,0.0,0.2,0.0
76,IIAG,4,2.6,0.5,1.0,0.75,0.0,1.0,0.0,0.0,0.0,0.0,0.5,0.25,0.25
77,AEG,3,-0.7000000000000001,0.6666666666666666,0.6666666666666666,0.3333333333333333,0.0,0.6666666666666666,0.3333333333333333,0.3333333333333333,0.0,0.3333333333333333,0.0,0.3333333333333333,0.6666666666666666
78,ILDN,4,0.3250000000000002,0.0,0.5,0.5,0.0,0.5,0.5,0.25,0.0,0.25,0.5,0.25,0.25
79,DKE,3,-3.6333333333333333,0.0,0.0,0.0,0.0,0.0,1.0,1.0,0.3333333333333333,0.6666666666666666,0.0,0.0,0.3333333333333333
80,KKEKK,5,-3.8200000000000003,0.0,0.0,0.0,0.0,0.0,1.0,1.0,0.8,0.2,0.0,0.0,0.2
81,AYAR,4,-0.55,0.5,0.75,0.5,0.25,0.75,0.25,0.25,0.25,0.0,0.25,0.0,0.5
82,PYPSG,5,-1.1400000000000001,0.4,0.8,0.0,0.2,0.8,0.2,0.0,0.0,0.0,0.2,0.8,0.0
83,CVAF,4,2.825,0.5,1.0,0.5,0.25,1.0,0.0,0.0,0.0,0.0,0.5,0.0,0.25
84,GHWTQ,5,-1.7399999999999998,0.4,0.4,0.0,0.4,0.4,0.6000000000000001,0.2,0.2,0.0,0.2,0.2,0.0
85,GEEKK,5,-3.04,0.2,0.2,0.0,0.0,0.2,0.8,0.8,0.4,0.4,0.0,0.2,0.4
86,FKAK,4,-0.8,0.25,0.5,0.25,0.25,0.5,0.5,0.5,0.5,0.0,0.25,0.0,0.25
87,KCT,3,-0.6999999999999998,0.6666666666666666,0.3333333333333333,0.0,0.0,0.3333333333333333,0.6666666666666666,0.3333333333333333,0.3333333333333333,0.0,0.0,0.0,0.0
88,VYPSG,5,0.02000000000000004,0.4,0.8,0.2,0.2,0.8,0.2,0.0,0.0,0.0,0.4,0.6000000000000001,0.0
89,KHP,3,-2.9,0.0,0.3333333333333333,0.0,0.3333333333333333,0.3333333333333333,0.6666666666666666,0.6666666666666666,0.6666666666666666,0.0,0.0,0.3333333333333333,0.0
90,KTKL,4,-1.175,0.25,0.25,0.25,0.0,0.25,0.75,0.5,0.5,0.0,0.25,0.0,0.25
91,AEAD,4,-0.85,0.5,0.5,0.5,0.0,0.5,0.5,0.5,0.0,0.5,0.0,0.0,0.75
92,AETD,4,-1.475,0.5,0.25,0.25,0.0,0.25,0.75,0.5,0.0,0.5,0.0,0.0,0.5
93,VDEG,4,-0.7999999999999999,0.25,0.5,0.25,0.0,0.5,0.5,0.5,0.0,0.5,0.25,0.25,0.25
94,DQAG,4,-1.4000000000000001,0.5,0.5,0.25,0.0,0.5,0.5,0.25,0.0,0.25,0.0,0.25,0.25
95,PGNV,4,-0.32499999999999996,0.25,0.75,0.25,0.0,0.75,0.25,0.0,0.0,0.0,0.25,0.75,0.0
96,CGIGR,5,0.33999999999999986,0.6000000000000001,0.8,0.2,0.0,0.8,0.2,0.2,0.2,0.0,0.2,0.4,0.0
97,WNT,3,-1.7000000000000002,0.3333333333333333,0.3333333333333333,0.0,0.3333333333333333,0.3333333333333333,0.6666666666666666,0.0,0.0,0.0,0.3333333333333333,0.3333333333333333,0.0
98,EEKK,4,-3.7,0.0,0.0,0.0,0.0,0.0,1.0,1.0,0.5,0.5,0.0,0.0,0.5
99,RYPSG,5,-1.7200000000000002,0.4,0.6000000000000001,0.0,0.2,0.6000000000000001,0.4,0.2,0.2,0.0,0.2,0.6000000000000001,0.0
100,MIE,3,0.9666666666666668,0.0,0.6666666666666666,0.3333333333333333,0.0,0.6666666666666666,0.3333333333333333,0.3333333333333333,0.0,0.3333333333333333,0.3333333333333333,0.0,0.6666666666666666
101,TML,3,1.6666666666666667,0.3333333333333333,0.6666666666666666,0.3333333333333333,0.0,0.6666666666666666,0.3333333333333333,0.0,0.0,0.0,0.3333333333333333,0.0,0.6666666666666666
102,KYKS,4,-2.475,0.25,0.25,0.0,0.25,0.25,0.75,0.5,0.5,0.0,0.25,0.25,0.0
103,FSL,3,1.9333333333333333,0.3333333333333333,0.6666666666666666,0.3333333333333333,0.3333333333333333,0.6666666666666666,0.3333333333333333,0.0,0.0,0.0,0.6666666666666666,0.3333333333333333,0.3333333333333333
104,EEETK,5,-3.02,0.2,0.0,0.0,0.0,0.0,1.0,0.8,0.2,0.6,0.0,0.0,0.6
105,NVY,3,-0.19999999999999996,0.0,0.6666666666666666,0.3333333333333333,0.3333333333333333,0.6666666666666666,0.3333333333333333,0.0,0.0,0.0,0.6666666666666666,0.3333333333333333,0.0
106,YSHS,4,-1.5250000000000001,0.5,0.25,0.0,0.5,0.25,0.75,0.25,0.25,0.0,0.25,0.5,0.0
107,HWF,3,-0.43333333333333357,0.0,0.6666666666666666,0.0,1.0,0.6666666666666666,0.3333333333333333,0.3333333333333333,0.3333333333333333,0.0,0.6666666666666666,0.0,0.0
108,KDEK,4,-3.7,0.0,0.0,0.0,0.0,0.0,1.0,1.0,0.5,0.5,0.0,0.0,0.25
109,GGVI,4,1.975,0.5,1.0,0.5,0.0,1.0,0.0,0.0,0.0,0.0,0.5,0.5,0.0
110,KKIS,4,-1.025,0.25,0.25,0.25,0.0,0.25,0.75,0.5,0.5,0.0,0.25,0.25,0.0
111,VEAV,4,1.675,0.25,0.75,0.75,0.0,0.75,0.25,0.25,0.0,0.25,0.5,0.0,0.5
112,HWT,3,-1.6000000000000003,0.3333333333333333,0.3333333333333333,0.0,0.6666666666666666,0.3333333333333333,0.6666666666666666,0.3333333333333333,0.3333333333333333,0.0,0.3333333333333333,0.0,0.0
113,KDAK,4,-2.375,0.25,0.25,0.25,0.0,0.25,0.75,0.75,0.5,0.25,0.0,0.0,0.25
114,LYPSG,5,-0.06000000000000003,0.4,0.8,0.2,0.2,0.8,0.2,0.0,0.0,0.0,0.4,0.6000000000000001,0.2
115,DSTL,4,-0.30000000000000004,0.5,0.25,0.25,0.0,0.25,0.75,0.25,0.0,0.25,0.25,0.25,0.25
116,CGIGG,5,1.1599999999999997,0.8,1.0,0.2,0.0,1.0,0.0,0.0,0.0,0.0,0.2,0.6,0.0
117,CGEGE,5,-1.06,0.6000000000000001,0.6000000000000001,0.0,0.0,0.6000000000000001,0.4,0.4,0.0,0.4,0.0,0.4,0.4
118,CGDSG,5,-0.52,0.8,0.6000000000000001,0.0,0.0,0.6000000000000001,0.4,0.2,0.0,0.2,0.0,0.6000000000000001,0.0
119,KDEKK,5,-3.7399999999999998,0.0,0.0,0.0,0.0,0.0,1.0,1.0,0.6,0.4,0.0,0.0,0.2
120,KEEDK,5,-3.66,0.0,0.0,0.0,0.0,0.0,1.0,1.0,0.4,0.6000000000000001,0.0,0.0,0.4
121,RYDD,4,-3.2,0.0,0.25,0.0,0.25,0.25,0.75,0.75,0.25,0.5,0.25,0.0,0.0
122,KCS,3,-0.7333333333333334,0.6666666666666666,0.3333333333333333,0.0,0.0,0.3333333333333333,0.6666666666666666,0.3333333333333333,0.3333333333333333,0.0,0.0,0.3333333333333333,0.0
123,MDKF,4,-0.675,0.0,0.5,0.0,0.25,0.5,0.5,0.5,0.25,0.25,0.25,0.0,0.25
124,HGD,3,-2.3666666666666667,0.3333333333333333,0.3333333333333333,0.0,0.3333333333333333,0.3333333333333333,0.6666666666666666,0.6666666666666666,0.3333333333333333,0.3333333333333333,0.0,0.3333333333333333,0.0
125,DIAK,4,-0.275,0.25,0.5,0.5,0.0,0.5,0.5,0.5,0.25,0.25,0.25,0.0,0.25
126,NGQP,4,-2.25,0.25,0.5,0.0,0.0,0.5,0.5,0.0,0.0,0.0,0.0,0.75,0.0
127,KEEKI,5,-2.06,0.0,0.2,0.2,0.0,0.2,0.8,0.8,0.4,0.4,0.2,0.0,0.4
128,CQY,3,-0.7666666666666666,0.3333333333333333,0.6666666666666666,0.0,0.3333333333333333,0.6666666666666666,0.3333333333333333,0.0,0.0,0.0,0.3333333333333333,0.0,0.0
129,TEAK,4,-1.5750000000000002,0.5,0.25,0.25,0.0,0.25,0.75,0.5,0.25,0.25,0.0,0.0,0.5
130,KDCK,4,-2.2,0.25,0.25,0.0,0.0,0.25,0.75,0.75,0.5,0.25,0.0,0.0,0.0
131,GEGKK,5,-2.42,0.4,0.4,0.0,0.0,0.4,0.6000000000000001,0.6000000000000001,0.4,0.2,0.0,0.4,0.2
132,IKNN,4,-1.6,0.0,0.25,0.25,0.0,0.25,0.75,0.25,0.25,0.0,0.25,0.5,0.0
133,KKEG,4,-2.9250000000000003,0.25,0.25,0.0,0.0,0.25,0.75,0.75,0.5,0.25,0.0,0.25,0.25
134,PKEK,4,-3.225,0.0,0.25,0.0,0.0,0.25,0.75,0.75,0.5,0.25,0.0,0.25,0.25
135,KPPG,4,-1.875,0.25,0.75,0.0,0.0,0.75,0.25,0.25,0.25,0.0,0.0,0.75,0.0
136,KEEKE,5,-3.66,0.0,0.0,0.0,0.0,0.0,1.0,1.0,0.4,0.6,0.0,0.0,0.6
137,CLIGG,5,2.0,0.6000000000000001,1.0,0.4,0.0,1.0,0.0,0.0,0.0,0.0,0.4,0.4,0.2
138,SNEE,4,-2.825,0.25,0.0,0.0,0.0,0.0,1.0,0.5,0.0,0.5,0.0,0.5,0.5
139,CGCCA,5,1.78,1.0,1.0,0.2,0.0,1.0,0.0,0.0,0.0,0.0,0.0,0.2,0.2
140,GHWT,4,-1.3,0.5,0.5,0.0,0.5,0.5,0.5,0.25,0.25,0.0,0.25,0.25,0.0
141,KEEKK,5,-3.7399999999999998,0.0,0.0,0.0,0.0,0.0,1.0,1.0,0.6,0.4,0.0,0.0,0.4
142,CGNCG,5,0.14,0.8,0.8,0.0,0.0,0.8,0.2,0.0,0.0,0.0,0.0,0.6000000000000001,0.0
143,FTNS,4,-0.55,0.5,0.25,0.0,0.25,0.25,0.75,0.0,0.0,0.0,0.25,0.5,0.0
144,KDKC,4,-2.2,0.25,0.25,0.0,0.0,0.25,0.75,0.75,0.5,0.25,0.0,0.0,0.0
145,TILG,4,1.7999999999999998,0.5,0.75,0.5,0.0,0.75,0.25,0.0,0.0,0.0,0.5,0.25,0.25
146,QKEE,4,-3.6,0.0,0.0,0.0,0.0,0.0,1.0,0.75,0.25,0.5,0.0,0.0,0.5
147,FPSP,4,-0.3000000000000001,0.25,0.75,0.0,0.25,0.75,0.25,0.0,0.0,0.0,0.25,0.75,0.0
148,FSLSL,5,1.7600000000000002,0.4,0.6000000000000001,0.4,0.2,0.6000000000000001,0.4,0.0,0.0,0.0,0.6000000000000001,0.4,0.4
149,GEETK,5,-2.4,0.4,0.2,0.0,0.0,0.2,0.8,0.6000000000000001,0.2,0.4,0.0,0.2,0.4
150,CGIG,4,1.5499999999999998,0.75,1.0,0.25,0.0,1.0,0.0,0.0,0.0,0.0,0.25,0.5,0.0
151,KKPK,4,-3.325,0.0,0.25,0.0,0.0,0.25,0.75,0.75,0.75,0.0,0.0,0.25,0.0
152,FLIFL,5,3.54,0.0,1.0,0.6000000000000001,0.4,1.0,0.0,0.0,0.0,0.0,1.0,0.0,0.4
153,EEERG,5,-3.08,0.2,0.2,0.0,0.0,0.2,0.8,0.8,0.2,0.6,0.0,0.2,0.6
154,FLISL,5,2.8199999999999994,0.2,0.8,0.6000000000000001,0.2,0.8,0.2,0.0,0.0,0.0,0.8,0.2,0.4
155,TDKK,4,-3.0,0.25,0.0,0.0,0.0,0.0,1.0,0.75,0.5,0.25,0.0,0.0,0.0
156,KEETG,5,-2.4,0.4,0.2,0.0,0.0,0.2,0.8,0.6000000000000001,0.2,0.4,0.0,0.2,0.4
157,WWS,3,-0.8666666666666667,0.3333333333333333,0.6666666666666666,0.0,0.6666666666666666,0.6666666666666666,0.3333333333333333,0.0,0.0,0.0,0.6666666666666666,0.3333333333333333,0.0
158,FLIP,4,2.375,0.0,1.0,0.5,0.25,1.0,0.0,0.0,0.0,0.0,0.75,0.25,0.25
159,FKLFL,5,1.86,0.0,0.8,0.4,0.4,0.8,0.2,0.2,0.2,0.0,0.8,0.0,0.4
160,KEESK,5,-3.12,0.2,0.0,0.0,0.0,0.0,1.0,0.8,0.4,0.4,0.0,0.2,0.4
161,EEERK,5,-3.78,0.0,0.0,0.0,0.0,0.0,1.0,1.0,0.4,0.6,0.0,0.0,0.6
162,PKPN,4,-2.65,0.0,0.5,0.0,0.0,0.5,0.5,0.25,0.25,0.0,0.0,0.75,0.0
163,KRDD,4,-3.85,0.0,0.0,0.0,0.0,0.0,1.0,1.0,0.5,0.5,0.0,0.0,0.0
164,GYPSG,5,-0.9000000000000001,0.6000000000000001,0.8,0.0,0.2,0.8,0.2,0.0,0.0,0.0,0.2,0.8,0.0
165,NPTT,4,-1.625,0.5,0.25,0.0,0.0,0.25,0.75,0.0,0.0,0.0,0.0,0.5,0.0
166,FLLFL,5,3.4,0.0,1.0,0.6,0.4,1.0,0.0,0.0,0.0,0.0,1.0,0.0,0.6
167,EKEKG,5,-3.04,0.2,0.2,0.0,0.0,0.2,0.8,0.8,0.4,0.4,0.0,0.2,0.4
168,KNEKK,5,-3.7399999999999998,0.0,0.0,0.0,0.0,0.0,1.0,0.8,0.6,0.2,0.0,0.2,0.2
169,KYPN,4,-2.575,0.0,0.5,0.0,0.25,0.5,0.5,0.25,0.25,0.0,0.25,0.5,0.0
170,PNPGG,5,-1.5,0.4,0.8,0.0,0.0,0.8,0.2,0.0,0.0,0.0,0.0,1.0,0.0
171,IIYE,4,1.05,0.0,0.75,0.5,0.25,0.75,0.25,0.25,0.0,0.25,0.75,0.0,0.25
172,NLTL,4,0.8499999999999999,0.25,0.5,0.5,0.0,0.5,0.5,0.0,0.0,0.0,0.5,0.25,0.5
173,EEGKK,5,-3.04,0.2,0.2,0.0,0.0,0.2,0.8,0.8,0.4,0.4,0.0,0.2,0.4
174,RKEE,4,-3.85,0.0,0.0,0.0,0.0,0.0,1.0,1.0,0.5,0.5,0.0,0.0,0.5
175,EKEKK,5,-3.7399999999999998,0.0,0.0,0.0,0.0,0.0,1.0,1.0,0.6,0.4,0.0,0.0,0.4
176,PTPK,4,-1.95,0.25,0.5,0.0,0.0,0.5,0.5,0.25,0.25,0.0,0.0,0.5,0.0
177,QLAK,4,-0.45000000000000007,0.25,0.5,0.5,0.0,0.5,0.5,0.25,0.25,0.0,0.25,0.0,0.5
178,FSIFL,5,2.62,0.2,0.8,0.4,0.4,0.8,0.2,0.0,0.0,0.0,0.8,0.2,0.2
179,QEAF,4,-0.6000000000000001,0.25,0.5,0.25,0.25,0.5,0.5,0.25,0.0,0.25,0.25,0.0,0.5
180,IANG,4,0.6,0.5,0.75,0.5,0.0,0.75,0.25,0.0,0.0,0.0,0.25,0.5,0.25
181,NCD,3,-1.5,0.3333333333333333,0.3333333333333333,0.0,0.0,0.3333333333333333,0.6666666666666666,0.3333333333333333,0.0,0.3333333333333333,0.0,0.3333333333333333,0.0
182,TASG,4,-0.024999999999999994,1.0,0.5,0.25,0.0,0.5,0.5,0.0,0.0,0.0,0.0,0.5,0.25
183,PSPGG,5,-0.9600000000000002,0.6000000000000001,0.8,0.0,0.0,0.8,0.2,0.0,0.0,0.0,0.0,1.0,0.0
184,THE,3,-2.466666666666667,0.3333333333333333,0.0,0.0,0.3333333333333333,0.0,1.0,0.6666666666666666,0.3333333333333333,0.3333333333333333,0.0,0.0,0.3333333333333333
185,HWTQ,4,-2.075,0.25,0.25,0.0,0.5,0.25,0.75,0.25,0.25,0.0,0.25,0.0,0.0
186,ELIY,4,0.875,0.0,0.75,0.5,0.25,0.75,0.25,0.25,0.0,0.25,0.75,0.0,0.5
187,KDKM,4,-2.35,0.0,0.25,0.0,0.0,0.25,0.75,0.75,0.5,0.25,0.0,0.0,0.25
188,KMKG,4,-1.5750000000000002,0.25,0.5,0.0,0.0,0.5,0.5,0.5,0.5,0.0,0.0,0.25,0.25
189,ADAE,4,-0.85,0.5,0.5,0.5,0.0,0.5,0.5,0.5,0.0,0.5,0.0,0.0,0.75
190,KEGKK,5,-3.12,0.2,0.2,0.0,0.0,0.2,0.8,0.8,0.6,0.2,0.0,0.2,0.2
191,YYPGG,5,-1.0000000000000002,0.4,1.0,0.0,0.4,1.0,0.0,0.0,0.0,0.0,0.4,0.6000000000000001,0.0
192,KTD,3,-2.6999999999999997,0.3333333333333333,0.0,0.0,0.0,0.0,1.0,0.6666666666666666,0.3333333333333333,0.3333333333333333,0.0,0.0,0.0
193,PKPY,4,-2.1,0.0,0.75,0.0,0.25,0.75,0.25,0.25,0.25,0.0,0.25,0.5,0.0
194,KELKK,5,-2.2800000000000002,0.0,0.2,0.2,0.0,0.2,0.8,0.8,0.6,0.2,0.2,0.0,0.4
195,QEKL,4,-1.7750000000000001,0.0,0.25,0.25,0.0,0.25,0.75,0.5,0.25,0.25,0.25,0.0,0.5
196,CGSGG,5,0.1,1.0,0.8,0.0,0.0,0.8,0.2,0.0,0.0,0.0,0.0,0.8,0.0
197,KEENK,5,-3.66,0.0,0.0,0.0,0.0,0.0,1.0,0.8,0.4,0.4,0.0,0.2,0.4
