id,seq_len,gravy,tiny,small,aliphatic,aromatic,non_polar,polar,charged,basic,acidic,helix,turn,sheet
GHWT,4,-1.3,0.5,0.5,0.0,0.5,0.5,0.5,0.25,0.25,0.0,0.25,0.25,0.0
GHWTQ,5,-1.7399999999999998,0.4,0.4,0.0,0.4,0.4,0.6000000000000001,0.2,0.2,0.0,0.2,0.2,0.0
HWT,3,-1.6000000000000003,0.3333333333333333,0.3333333333333333,0.0,0.6666666666666666,0.3333333333333333,0.6666666666666666,0.3333333333333333,0.3333333333333333,0.0,0.3333333333333333,0.0,0.0
HWTQ,4,-2.075,0.25,0.25,0.0,0.5,0.25,0.75,0.25,0.25,0.0,0.25,0.0,0.0
PGNV,4,-0.32499999999999996,0.25,0.75,0.25,0.0,0.75,0.25,0.0,0.0,0.0,0.25,0.75,0.0
PKPK,4,-2.75,0.0,0.5,0.0,0.0,0.5,0.5,0.5,0.5,0.0,0.0,0.5,0.0
PTHP,4,-1.775,0.25,0.5,0.0,0.25,0.5,0.5,0.25,0.25,0.0,0.0,0.5,0.0
ADAE,4,-0.85,0.5,0.5,0.5,0.0,0.5,0.5,0.5,0.0,0.5,0.0,0.0,0.75
TQLA,4,0.3499999999999999,0.5,0.5,0.5,0.0,0.5,0.5,0.0,0.0,0.0,0.25,0.0,0.5
YPSG,4,-1.0250000000000001,0.5,0.75,0.0,0.25,0.75,0.25,0.0,0.0,0.0,0.25,0.75,0.0
PYPGQ,5,-1.6800000000000002,0.2,0.8,0.0,0.2,0.8,0.2,0.0,0.0,0.0,0.2,0.6000000000000001,0.0
CGIGG,5,1.1599999999999997,0.8,1.0,0.2,0.0,1.0,0.0,0.0,0.0,0.0,0.2,0.6,0.0
CGCCG,5,1.3399999999999999,1.0,1.0,0.0,0.0,1.0,0.0,0.0,0.0,0.0,0.0,0.4,0.0
KEEKK,5,-3.7399999999999998,0.0,0.0,0.0,0.0,0.0,1.0,1.0,0.6,0.4,0.0,0.0,0.4
CGIGR,5,0.33999999999999986,0.6000000000000001,0.8,0.2,0.0,0.8,0.2,0.2,0.2,0.0,0.2,0.4,0.0
FSLFL,5,2.4799999999999995,0.2,0.8,0.4,0.4,0.8,0.2,0.0,0.0,0.0,0.8,0.2,0.4
PYPSG,5,-1.1400000000000001,0.4,0.8,0.0,0.2,0.8,0.2,0.0,0.0,0.0,0.2,0.8,0.0
EEEKK,5,-3.66,0.0,0.0,0.0,0.0,0.0,1.0,1.0,0.4,0.6,0.0,0.0,0.6
KEGKK,5,-3.12,0.2,0.2,0.0,0.0,0.2,0.8,0.8,0.6,0.2,0.0,0.2,0.2
FSLEL,5,1.22,0.2,0.6000000000000001,0.4,0.2,0.6000000000000001,0.4,0.2,0.0,0.2,0.6000000000000001,0.2,0.6000000000000001
KKEKK,5,-3.8200000000000003,0.0,0.0,0.0,0.0,0.0,1.0,1.0,0.8,0.2,0.0,0.0,0.2
CGNCG,5,0.14,0.8,0.8,0.0,0.0,0.8,0.2,0.0,0.0,0.0,0.0,0.6000000000000001,0.0
GYPSG,5,-0.9000000000000001,0.6000000000000001,0.8,0.0,0.2,0.8,0.2,0.0,0.0,0.0,0.2,0.8,0.0
CGSGG,5,0.1,1.0,0.8,0.0,0.0,0.8,0.2,0.0,0.0,0.0,0.0,0.8,0.0
KNEKK,5,-3.7399999999999998,0.0,0.0,0.0,0.0,0.0,1.0,0.8,0.6,0.2,0.0,0.2,0.2
FLLFL,5,3.4,0.0,1.0,0.6,0.4,1.0,0.0,0.0,0.0,0.0,1.0,0.0,0.6
KEERK,5,-3.8600000000000003,0.0,0.0,0.0,0.0,0.0,1.0,1.0,0.6000000000000001,0.4,0.0,0.0,0.4
FKLFL,5,1.86,0.0,0.8,0.4,0.4,0.8,0.2,0.2,0.2,0.0,0.8,0.0,0.4
RYPSG,5,-1.7200000000000002,0.4,0.6000000000000001,0.0,0.2,0.6000000000000001,0.4,0.2,0.2,0.0,0.2,0.6000000000000001,0.0
CCCGG,5,1.3399999999999999,1.0,1.0,0.0,0.0,1.0,0.0,0.0,0.0,0.0,0.0,0.4,0.0
KEEIK,5,-2.06,0.0,0.2,0.2,0.0,0.2,0.8,0.8,0.4,0.4,0.2,0.0,0.4
KEETK,5,-3.1,0.2,0.0,0.0,0.0,0.0,1.0,0.8,0.4,0.4,0.0,0.0,0.4
CGDGF,5,0.2,0.6000000000000001,0.8,0.0,0.2,0.8,0.2,0.2,0.0,0.2,0.2,0.4,0.0
FSLSL,5,1.7600000000000002,0.4,0.6000000000000001,0.4,0.2,0.6000000000000001,0.4,0.0,0.0,0.0,0.6000000000000001,0.4,0.4
LYPSG,5,-0.06000000000000003,0.4,0.8,0.2,0.2,0.8,0.2,0.0,0.0,0.0,0.4,0.6000000000000001,0.2
GEEKK,5,-3.04,0.2,0.2,0.0,0.0,0.2,0.8,0.8,0.4,0.4,0.0,0.2,0.4
CGGGF,5,0.82,0.8,1.0,0.0,0.2,1.0,0.0,0.0,0.0,0.0,0.2,0.6,0.0
KEEKG,5,-3.04,0.2,0.2,0.0,0.0,0.2,0.8,0.8,0.4,0.4,0.0,0.2,0.4
CLIGG,5,2.0,0.6000000000000001,1.0,0.4,0.0,1.0,0.0,0.0,0.0,0.0,0.4,0.4,0.2
CNICG,5,1.1199999999999999,0.6000000000000001,0.8,0.2,0.0,0.8,0.2,0.0,0.0,0.0,0.2,0.4,0.0
EEGKK,5,-3.04,0.2,0.2,0.0,0.0,0.2,0.8,0.8,0.4,0.4,0.0,0.2,0.4
FSIFL,5,2.62,0.2,0.8,0.4,0.4,0.8,0.2,0.0,0.0,0.0,0.8,0.2,0.2
EKEKK,5,-3.7399999999999998,0.0,0.0,0.0,0.0,0.0,1.0,1.0,0.6,0.4,0.0,0.0,0.4
CGGGY,5,4.4408920985006264e-17,0.8,1.0,0.0,0.2,1.0,0.0,0.0,0.0,0.0,0.2,0.6,0.0
KDKK,4,-3.8000000000000003,0.0,0.0,0.0,0.0,0.0,1.0,1.0,0.75,0.25,0.0,0.0,0.0
KKGKK,5,-3.2,0.2,0.2,0.0,0.0,0.2,0.8,0.8,0.8,0.0,0.0,0.2,0.0
EEERK,5,-3.78,0.0,0.0,0.0,0.0,0.0,1.0,1.0,0.4,0.6,0.0,0.0,0.6
EEETK,5,-3.02,0.2,0.0,0.0,0.0,0.0,1.0,0.8,0.2,0.6,0.0,0.0,0.6
LSLFL,5,2.6799999999999997,0.2,0.8,0.6,0.2,0.8,0.2,0.0,0.0,0.0,0.8,0.2,0.6
KDKC,4,-2.2,0.25,0.25,0.0,0.0,0.25,0.75,0.75,0.5,0.25,0.0,0.0,0.0
PKYK,4,-2.675,0.0,0.5,0.0,0.25,0.5,0.5,0.5,0.5,0.0,0.25,0.25,0.0
FLIFL,5,3.54,0.0,1.0,0.6000000000000001,0.4,1.0,0.0,0.0,0.0,0.0,1.0,0.0,0.4
CCCGF,5,1.9799999999999998,0.8,1.0,0.0,0.2,1.0,0.0,0.0,0.0,0.0,0.2,0.2,0.0
CNGGG,5,-0.43999999999999995,0.8,0.8,0.0,0.0,0.8,0.2,0.0,0.0,0.0,0.0,0.8,0.0
CGCCA,5,1.78,1.0,1.0,0.2,0.0,1.0,0.0,0.0,0.0,0.0,0.0,0.2,0.2
WKPK,4,-2.575,0.0,0.5,0.0,0.25,0.5,0.5,0.5,0.5,0.0,0.25,0.25,0.0
KDKM,4,-2.35,0.0,0.25,0.0,0.0,0.25,0.75,0.75,0.5,0.25,0.0,0.0,0.25
CGDSG,5,-0.52,0.8,0.6000000000000001,0.0,0.0,0.6000000000000001,0.4,0.2,0.0,0.2,0.0,0.6000000000000001,0.0
GEGKK,5,-2.42,0.4,0.4,0.0,0.0,0.4,0.6000000000000001,0.6000000000000001,0.4,0.2,0.0,0.4,0.2
KKETK,5,-3.18,0.2,0.0,0.0,0.0,0.0,1.0,0.8,0.6,0.2,0.0,0.0,0.2
KDCK,4,-2.2,0.25,0.25,0.0,0.0,0.25,0.75,0.75,0.5,0.25,0.0,0.0,0.0
CQNGG,5,-1.06,0.6000000000000001,0.6000000000000001,0.0,0.0,0.6000000000000001,0.4,0.0,0.0,0.0,0.0,0.6000000000000001,0.0
CGEGE,5,-1.06,0.6000000000000001,0.6000000000000001,0.0,0.0,0.6000000000000001,0.4,0.4,0.0,0.4,0.0,0.4,0.4
PKEK,4,-3.225,0.0,0.25,0.0,0.0,0.25,0.75,0.75,0.5,0.25,0.0,0.25,0.25
CGGGA,5,0.6200000000000001,1.0,1.0,0.2,0.0,1.0,0.0,0.0,0.0,0.0,0.0,0.6,0.2
GEETK,5,-2.4,0.4,0.2,0.0,0.0,0.2,0.8,0.6000000000000001,0.2,0.4,0.0,0.2,0.4
EDKK,4,-3.7,0.0,0.0,0.0,0.0,0.0,1.0,1.0,0.5,0.5,0.0,0.0,0.25
KEETG,5,-2.4,0.4,0.2,0.0,0.0,0.2,0.8,0.6000000000000001,0.2,0.4,0.0,0.2,0.4
PKPF,4,-1.075,0.0,0.75,0.0,0.25,0.75,0.25,0.25,0.25,0.0,0.25,0.5,0.0
CGKAG,5,-0.07999999999999996,0.8,0.8,0.2,0.0,0.8,0.2,0.2,0.2,0.0,0.0,0.4,0.2
EKEKG,5,-3.04,0.2,0.2,0.0,0.0,0.2,0.8,0.8,0.4,0.4,0.0,0.2,0.4
FLISL,5,2.8199999999999994,0.2,0.8,0.6000000000000001,0.2,0.8,0.2,0.0,0.0,0.0,0.8,0.2,0.4
PTPK,4,-1.95,0.25,0.5,0.0,0.0,0.5,0.5,0.25,0.25,0.0,0.0,0.5,0.0
YYPGG,5,-1.0000000000000002,0.4,1.0,0.0,0.4,1.0,0.0,0.0,0.0,0.0,0.4,0.6000000000000001,0.0
KDAK,4,-2.375,0.25,0.25,0.25,0.0,0.25,0.75,0.75,0.5,0.25,0.0,0.0,0.25
PKPY,4,-2.1,0.0,0.75,0.0,0.25,0.75,0.25,0.25,0.25,0.0,0.25,0.5,0.0
VYPSG,5,0.02000000000000004,0.4,0.8,0.2,0.2,0.8,0.2,0.0,0.0,0.0,0.4,0.6000000000000001,0.0
KDMK,4,-2.35,0.0,0.25,0.0,0.0,0.25,0.75,0.75,0.5,0.25,0.0,0.0,0.25
CCSGY,5,0.5,0.8,0.8,0.0,0.2,0.8,0.2,0.0,0.0,0.0,0.2,0.4,0.0
DEEKK,5,-3.66,0.0,0.0,0.0,0.0,0.0,1.0,1.0,0.4,0.6000000000000001,0.0,0.0,0.4
KEENK,5,-3.66,0.0,0.0,0.0,0.0,0.0,1.0,0.8,0.4,0.4,0.0,0.2,0.4
KELKK,5,-2.2800000000000002,0.0,0.2,0.2,0.0,0.2,0.8,0.8,0.6,0.2,0.2,0.0,0.4
PSPK,4,-1.975,0.25,0.5,0.0,0.0,0.5,0.5,0.25,0.25,0.0,0.0,0.75,0.0
KEDKK,5,-3.7399999999999998,0.0,0.0,0.0,0.0,0.0,1.0,1.0,0.6,0.4,0.0,0.0,0.2
KDEKK,5,-3.7399999999999998,0.0,0.0,0.0,0.0,0.0,1.0,1.0,0.6,0.4,0.0,0.0,0.2
GDKK,4,-2.925,0.25,0.25,0.0,0.0,0.25,0.75,0.75,0.5,0.25,0.0,0.25,0.0
KEEEK,5,-3.66,0.0,0.0,0.0,0.0,0.0,1.0,1.0,0.4,0.6,0.0,0.0,0.6
PYQSG,5,-1.52,0.4,0.6000000000000001,0.0,0.2,0.6000000000000001,0.4,0.0,0.0,0.0,0.2,0.6000000000000001,0.0
EEERG,5,-3.08,0.2,0.2,0.0,0.0,0.2,0.8,0.8,0.2,0.6,0.0,0.2,0.6
KKPK,4,-3.325,0.0,0.25,0.0,0.0,0.25,0.75,0.75,0.75,0.0,0.0,0.25,0.0
KEEDK,5,-3.66,0.0,0.0,0.0,0.0,0.0,1.0,1.0,0.4,0.6000000000000001,0.0,0.0,0.4
KEESK,5,-3.12,0.2,0.0,0.0,0.0,0.0,1.0,0.8,0.4,0.4,0.0,0.2,0.4
KDEK,4,-3.7,0.0,0.0,0.0,0.0,0.0,1.0,1.0,0.5,0.5,0.0,0.0,0.25
PKPN,4,-2.65,0.0,0.5,0.0,0.0,0.5,0.5,0.25,0.25,0.0,0.0,0.75,0.0
KEEKI,5,-2.06,0.0,0.2,0.2,0.0,0.2,0.8,0.8,0.4,0.4,0.2,0.0,0.4
PNPGG,5,-1.5,0.4,0.8,0.0,0.0,0.8,0.2,0.0,0.0,0.0,0.0,1.0,0.0
KEEKE,5,-3.66,0.0,0.0,0.0,0.0,0.0,1.0,1.0,0.4,0.6,0.0,0.0,0.6
TDKK,4,-3.0,0.25,0.0,0.0,0.0,0.0,1.0,0.75,0.5,0.25,0.0,0.0,0.0
PPPK,4,-2.1750000000000003,0.0,0.75,0.0,0.0,0.75,0.25,0.25,0.25,0.0,0.0,0.75,0.0
PSPGG,5,-0.9600000000000002,0.6000000000000001,0.8,0.0,0.0,0.8,0.2,0.0,0.0,0.0,0.0,1.0,0.0
CGIG,4,1.5499999999999998,0.75,1.0,0.25,0.0,1.0,0.0,0.0,0.0,0.0,0.25,0.5,0.0
DAP,3,-1.0999999999999999,0.3333333333333333,0.6666666666666666,0.3333333333333333,0.0,0.6666666666666666,0.3333333333333333,0.3333333333333333,0.0,0.3333333333333333,0.0,0.3333333333333333,0.3333333333333333
KHP,3,-2.9,0.0,0.3333333333333333,0.0,0.3333333333333333,0.3333333333333333,0.6666666666666666,0.6666666666666666,0.6666666666666666,0.0,0.0,0.3333333333333333,0.0
KPPG,4,-1.875,0.25,0.75,0.0,0.0,0.75,0.25,0.25,0.25,0.0,0.0,0.75,0.0
KYKS,4,-2.475,0.25,0.25,0.0,0.25,0.25,0.75,0.5,0.5,0.0,0.25,0.25,0.0
NLVG,4,1.025,0.25,0.75,0.5,0.0,0.75,0.25,0.0,0.0,0.0,0.5,0.5,0.25
RGIG,4,-0.2000000000000001,0.5,0.75,0.25,0.0,0.75,0.25,0.25,0.25,0.0,0.25,0.5,0.0
TAC,3,1.2,1.0,0.6666666666666666,0.3333333333333333,0.0,0.6666666666666666,0.3333333333333333,0.0,0.0,0.0,0.0,0.0,0.3333333333333333
WWS,3,-0.8666666666666667,0.3333333333333333,0.6666666666666666,0.0,0.6666666666666666,0.6666666666666666,0.3333333333333333,0.0,0.0,0.0,0.6666666666666666,0.3333333333333333,0.0
CVAF,4,2.825,0.5,1.0,0.5,0.25,1.0,0.0,0.0,0.0,0.0,0.5,0.0,0.25
ELIY,4,0.875,0.0,0.75,0.5,0.25,0.75,0.25,0.25,0.0,0.25,0.75,0.0,0.5
RCP,3,-1.2,0.3333333333333333,0.6666666666666666,0.0,0.0,0.6666666666666666,0.3333333333333333,0.3333333333333333,0.3333333333333333,0.0,0.0,0.3333333333333333,0.0
EEKK,4,-3.7,0.0,0.0,0.0,0.0,0.0,1.0,1.0,0.5,0.5,0.0,0.0,0.5
AYAR,4,-0.55,0.5,0.75,0.5,0.25,0.75,0.25,0.25,0.25,0.0,0.25,0.0,0.5
ILFS,4,2.575,0.25,0.75,0.5,0.25,0.75,0.25,0.0,0.0,0.0,0.75,0.25,0.25
KCT,3,-0.6999999999999998,0.6666666666666666,0.3333333333333333,0.0,0.0,0.3333333333333333,0.6666666666666666,0.3333333333333333,0.3333333333333333,0.0,0.0,0.0,0.0
KQAQ,4,-2.2750000000000004,0.25,0.25,0.25,0.0,0.25,0.75,0.25,0.25,0.0,0.0,0.0,0.25
KTKL,4,-1.175,0.25,0.25,0.25,0.0,0.25,0.75,0.5,0.5,0.0,0.25,0.0,0.25
VTDS,4,-0.2,0.5,0.25,0.25,0.0,0.25,0.75,0.25,0.0,0.25,0.25,0.25,0.0
WNT,3,-1.7000000000000002,0.3333333333333333,0.3333333333333333,0.0,0.3333333333333333,0.3333333333333333,0.6666666666666666,0.0,0.0,0.0,0.3333333333333333,0.3333333333333333,0.0
YSHS,4,-1.5250000000000001,0.5,0.25,0.0,0.5,0.25,0.75,0.25,0.25,0.0,0.25,0.5,0.0
CQY,3,-0.7666666666666666,0.3333333333333333,0.6666666666666666,0.0,0.3333333333333333,0.6666666666666666,0.3333333333333333,0.0,0.0,0.0,0.3333333333333333,0.0,0.0
CGGG,4,0.32500000000000007,1.0,1.0,0.0,0.0,1.0,0.0,0.0,0.0,0.0,0.0,0.75,0.0
DIAK,4,-0.275,0.25,0.5,0.5,0.0,0.5,0.5,0.5,0.25,0.25,0.25,0.0,0.25
DSTL,4,-0.30000000000000004,0.5,0.25,0.25,0.0,0.25,0.75,0.25,0.0,0.25,0.25,0.25,0.25
FGGG,4,0.4,0.75,1.0,0.0,0.25,1.0,0.0,0.0,0.0,0.0,0.25,0.75,0.0
FPSP,4,-0.3000000000000001,0.25,0.75,0.0,0.25,0.75,0.25,0.0,0.0,0.0,0.25,0.75,0.0
FSVF,4,2.25,0.25,0.75,0.25,0.5,0.75,0.25,0.0,0.0,0.0,0.75,0.25,0.0
IIAG,4,2.6,0.5,1.0,0.75,0.0,1.0,0.0,0.0,0.0,0.0,0.5,0.25,0.25
NLTL,4,0.8499999999999999,0.25,0.5,0.5,0.0,0.5,0.5,0.0,0.0,0.0,0.5,0.25,0.5
PKAK,4,-1.9,0.25,0.5,0.25,0.0,0.5,0.5,0.5,0.5,0.0,0.0,0.25,0.25
QEAF,4,-0.6000000000000001,0.25,0.5,0.25,0.25,0.5,0.5,0.25,0.0,0.25,0.25,0.0,0.5
QLAK,4,-0.45000000000000007,0.25,0.5,0.5,0.0,0.5,0.5,0.25,0.25,0.0,0.25,0.0,0.5
FSL,3,1.9333333333333333,0.3333333333333333,0.6666666666666666,0.3333333333333333,0.3333333333333333,0.6666666666666666,0.3333333333333333,0.0,0.0,0.0,0.6666666666666666,0.3333333333333333,0.3333333333333333
NVY,3,-0.19999999999999996,0.0,0.6666666666666666,0.3333333333333333,0.3333333333333333,0.6666666666666666,0.3333333333333333,0.0,0.0,0.0,0.6666666666666666,0.3333333333333333,0.0
HGD,3,-2.3666666666666667,0.3333333333333333,0.3333333333333333,0.0,0.3333333333333333,0.3333333333333333,0.6666666666666666,0.6666666666666666,0.3333333333333333,0.3333333333333333,0.0,0.3333333333333333,0.0
AAIE,4,1.15,0.5,0.75,0.75,0.0,0.75,0.25,0.25,0.0,0.25,0.25,0.0,0.75
RVC,3,0.7333333333333334,0.3333333333333333,0.6666666666666666,0.3333333333333333,0.0,0.6666666666666666,0.3333333333333333,0.3333333333333333,0.3333333333333333,0.0,0.3333333333333333,0.0,0.0
CK,2,-0.7,0.5,0.5,0.0,0.0,0.5,0.5,0.5,0.5,0.0,0.0,0.0,0.0
ACGE,4,0.09999999999999998,0.75,0.75,0.25,0.0,0.75,0.25,0.25,0.0,0.25,0.0,0.25,0.5
ATEN,4,-1.475,0.5,0.25,0.25,0.0,0.25,0.75,0.25,0.0,0.25,0.0,0.25,0.5
AYKN,4,-1.725,0.25,0.5,0.25,0.25,0.5,0.5,0.25,0.25,0.0,0.25,0.25,0.25
DQAG,4,-1.4000000000000001,0.5,0.5,0.25,0.0,0.5,0.5,0.25,0.0,0.25,0.0,0.25,0.25
EEER,4,-3.75,0.0,0.0,0.0,0.0,0.0,1.0,1.0,0.25,0.75,0.0,0.0,0.75
FLIP,4,2.375,0.0,1.0,0.5,0.25,1.0,0.0,0.0,0.0,0.0,0.75,0.25,0.25
ILDN,4,0.3250000000000002,0.0,0.5,0.5,0.0,0.5,0.5,0.25,0.0,0.25,0.5,0.25,0.25
KDLE,4,-1.7750000000000001,0.0,0.25,0.25,0.0,0.25,0.75,0.75,0.25,0.5,0.25,0.0,0.5
KMKG,4,-1.5750000000000002,0.25,0.5,0.0,0.0,0.5,0.5,0.5,0.5,0.0,0.0,0.25,0.25
MGVE,4,0.55,0.25,0.75,0.25,0.0,0.75,0.25,0.25,0.0,0.25,0.25,0.25,0.5
QEKL,4,-1.7750000000000001,0.0,0.25,0.25,0.0,0.25,0.75,0.5,0.25,0.25,0.25,0.0,0.5
RNLL,4,-0.10000000000000009,0.0,0.5,0.5,0.0,0.5,0.5,0.25,0.25,0.0,0.5,0.25,0.5
RYDD,4,-3.2,0.0,0.25,0.0,0.25,0.25,0.75,0.75,0.25,0.5,0.25,0.0,0.0
SNEE,4,-2.825,0.25,0.0,0.0,0.0,0.0,1.0,0.5,0.0,0.5,0.0,0.5,0.5
TPDS,4,-1.65,0.5,0.25,0.0,0.0,0.25,0.75,0.25,0.0,0.25,0.0,0.5,0.0
WNS,3,-1.7333333333333334,0.3333333333333333,0.3333333333333333,0.0,0.3333333333333333,0.3333333333333333,0.6666666666666666,0.0,0.0,0.0,0.3333333333333333,0.6666666666666666,0.0
YVIL,4,2.8,0.0,1.0,0.75,0.25,1.0,0.0,0.0,0.0,0.0,1.0,0.0,0.25
AEG,3,-0.7000000000000001,0.6666666666666666,0.6666666666666666,0.3333333333333333,0.0,0.6666666666666666,0.3333333333333333,0.3333333333333333,0.0,0.3333333333333333,0.0,0.3333333333333333,0.6666666666666666
MIE,3,0.9666666666666668,0.0,0.6666666666666666,0.3333333333333333,0.0,0.6666666666666666,0.3333333333333333,0.3333333333333333,0.0,0.3333333333333333,0.3333333333333333,0.0,0.6666666666666666
AEAD,4,-0.85,0.5,0.5,0.5,0.0,0.5,0.5,0.5,0.0,0.5,0.0,0.0,0.75
AETD,4,-1.475,0.5,0.25,0.25,0.0,0.25,0.75,0.5,0.0,0.5,0.0,0.0,0.5
AKGS,4,-0.825,0.75,0.5,0.25,0.0,0.5,0.5,0.25,0.25,0.0,0.0,0.5,0.25
DEKT,4,-2.9,0.25,0.0,0.0,0.0,0.0,1.0,0.75,0.25,0.5,0.0,0.0,0.25
DENL,4,-1.675,0.0,0.25,0.25,0.0,0.25,0.75,0.5,0.0,0.5,0.25,0.25,0.5
FKAK,4,-0.8,0.25,0.5,0.25,0.25,0.5,0.5,0.5,0.5,0.0,0.25,0.0,0.25
FTNS,4,-0.55,0.5,0.25,0.0,0.25,0.25,0.75,0.0,0.0,0.0,0.25,0.5,0.0
GGVI,4,1.975,0.5,1.0,0.5,0.0,1.0,0.0,0.0,0.0,0.0,0.5,0.5,0.0
HWF,3,-0.43333333333333357,0.0,0.6666666666666666,0.0,1.0,0.6666666666666666,0.3333333333333333,0.3333333333333333,0.3333333333333333,0.0,0.6666666666666666,0.0,0.0
IANG,4,0.6,0.5,0.75,0.5,0.0,0.75,0.25,0.0,0.0,0.0,0.25,0.5,0.25
IIYE,4,1.05,0.0,0.75,0.5,0.25,0.75,0.25,0.25,0.0,0.25,0.75,0.0,0.25
IKNN,4,-1.6,0.0,0.25,0.25,0.0,0.25,0.75,0.25,0.25,0.0,0.25,0.5,0.0
ILAN,4,1.6500000000000004,0.25,0.75,0.75,0.0,0.75,0.25,0.0,0.0,0.0,0.5,0.25,0.5
KKEG,4,-2.9250000000000003,0.25,0.25,0.0,0.0,0.25,0.75,0.75,0.5,0.25,0.0,0.25,0.25
KKIS,4,-1.025,0.25,0.25,0.25,0.0,0.25,0.75,0.5,0.5,0.0,0.25,0.25,0.0
KRDD,4,-3.85,0.0,0.0,0.0,0.0,0.0,1.0,1.0,0.5,0.5,0.0,0.0,0.0
KYPN,4,-2.575,0.0,0.5,0.0,0.25,0.5,0.5,0.25,0.25,0.0,0.25,0.5,0.0
MDKF,4,-0.675,0.0,0.5,0.0,0.25,0.5,0.5,0.5,0.25,0.25,0.25,0.0,0.25
NCD,3,-1.5,0.3333333333333333,0.3333333333333333,0.0,0.0,0.3333333333333333,0.6666666666666666,0.3333333333333333,0.0,0.3333333333333333,0.0,0.3333333333333333,0.0
NEAK,4,-2.275,0.25,0.25,0.25,0.0,0.25,0.75,0.5,0.25,0.25,0.0,0.25,0.5
NEPL,4,-1.2,0.0,0.5,0.25,0.0,0.5,0.5,0.25,0.0,0.25,0.25,0.5,0.5
NGQP,4,-2.25,0.25,0.5,0.0,0.0,0.5,0.5,0.0,0.0,0.0,0.0,0.75,0.0
NPD,3,-2.8666666666666667,0.0,0.3333333333333333,0.0,0.0,0.3333333333333333,0.6666666666666666,0.3333333333333333,0.0,0.3333333333333333,0.0,0.6666666666666666,0.0
NPTT,4,-1.625,0.5,0.25,0.0,0.0,0.25,0.75,0.0,0.0,0.0,0.0,0.5,0.0
QDVD,4,-1.575,0.0,0.25,0.25,0.0,0.25,0.75,0.5,0.0,0.5,0.25,0.0,0.0
QKEE,4,-3.6,0.0,0.0,0.0,0.0,0.0,1.0,0.75,0.25,0.5,0.0,0.0,0.5
QVAS,4,0.425,0.5,0.5,0.5,0.0,0.5,0.5,0.0,0.0,0.0,0.25,0.25,0.25
RKEE,4,-3.85,0.0,0.0,0.0,0.0,0.0,1.0,1.0,0.5,0.5,0.0,0.0,0.5
TASG,4,-0.024999999999999994,1.0,0.5,0.25,0.0,0.5,0.5,0.0,0.0,0.0,0.0,0.5,0.25
TEAK,4,-1.5750000000000002,0.5,0.25,0.25,0.0,0.25,0.75,0.5,0.25,0.25,0.0,0.0,0.5
THE,3,-2.466666666666667,0.3333333333333333,0.0,0.0,0.3333333333333333,0.0,1.0,0.6666666666666666,0.3333333333333333,0.3333333333333333,0.0,0.0,0.3333333333333333
TILG,4,1.7999999999999998,0.5,0.75,0.5,0.0,0.75,0.25,0.0,0.0,0.0,0.5,0.25,0.25
TML,3,1.6666666666666667,0.3333333333333333,0.6666666666666666,0.3333333333333333,0.0,0.6666666666666666,0.3333333333333333,0.0,0.0,0.0,0.3333333333333333,0.0,0.6666666666666666
VDEG,4,-0.7999999999999999,0.25,0.5,0.25,0.0,0.5,0.5,0.5,0.0,0.5,0.25,0.25,0.25
VEAV,4,1.675,0.25,0.75,0.75,0.0,0.75,0.25,0.25,0.0,0.25,0.5,0.0,0.5
VHAA,4,1.15,0.5,0.75,0.75,0.25,0.75,0.25,0.25,0.25,0.0,0.25,0.0,0.5
VKSY,4,-0.44999999999999996,0.25,0.5,0.25,0.25,0.5,0.5,0.25,0.25,0.0,0.5,0.25,0.0
KTD,3,-2.6999999999999997,0.3333333333333333,0.0,0.0,0.0,0.0,1.0,0.6666666666666666,0.3333333333333333,0.3333333333333333,0.0,0.0,0.0
DKE,3,-3.6333333333333333,0.0,0.0,0.0,0.0,0.0,1.0,1.0,0.3333333333333333,0.6666666666666666,0.0,0.0,0.3333333333333333
KCS,3,-0.7333333333333334,0.6666666666666666,0.3333333333333333,0.0,0.0,0.3333333333333333,0.6666666666666666,0.3333333333333333,0.3333333333333333,0.0,0.0,0.3333333333333333,0.0
